[{"model": "auth.permission", "pk": 1, "fields": {"name": "Can add log entry", "content_type": 1, "codename": "add_logentry"}}, {"model": "auth.permission", "pk": 2, "fields": {"name": "Can change log entry", "content_type": 1, "codename": "change_logentry"}}, {"model": "auth.permission", "pk": 3, "fields": {"name": "Can delete log entry", "content_type": 1, "codename": "delete_logentry"}}, {"model": "auth.permission", "pk": 4, "fields": {"name": "Can view log entry", "content_type": 1, "codename": "view_logentry"}}, {"model": "auth.permission", "pk": 5, "fields": {"name": "Can add permission", "content_type": 2, "codename": "add_permission"}}, {"model": "auth.permission", "pk": 6, "fields": {"name": "Can change permission", "content_type": 2, "codename": "change_permission"}}, {"model": "auth.permission", "pk": 7, "fields": {"name": "Can delete permission", "content_type": 2, "codename": "delete_permission"}}, {"model": "auth.permission", "pk": 8, "fields": {"name": "Can view permission", "content_type": 2, "codename": "view_permission"}}, {"model": "auth.permission", "pk": 9, "fields": {"name": "Can add group", "content_type": 3, "codename": "add_group"}}, {"model": "auth.permission", "pk": 10, "fields": {"name": "Can change group", "content_type": 3, "codename": "change_group"}}, {"model": "auth.permission", "pk": 11, "fields": {"name": "Can delete group", "content_type": 3, "codename": "delete_group"}}, {"model": "auth.permission", "pk": 12, "fields": {"name": "Can view group", "content_type": 3, "codename": "view_group"}}, {"model": "auth.permission", "pk": 13, "fields": {"name": "Can add content type", "content_type": 4, "codename": "add_contenttype"}}, {"model": "auth.permission", "pk": 14, "fields": {"name": "Can change content type", "content_type": 4, "codename": "change_contenttype"}}, {"model": "auth.permission", "pk": 15, "fields": {"name": "Can delete content type", "content_type": 4, "codename": "delete_contenttype"}}, {"model": "auth.permission", "pk": 16, "fields": {"name": "Can view content type", "content_type": 4, "codename": "view_contenttype"}}, {"model": "auth.permission", "pk": 17, "fields": {"name": "Can add session", "content_type": 5, "codename": "add_session"}}, {"model": "auth.permission", "pk": 18, "fields": {"name": "Can change session", "content_type": 5, "codename": "change_session"}}, {"model": "auth.permission", "pk": 19, "fields": {"name": "Can delete session", "content_type": 5, "codename": "delete_session"}}, {"model": "auth.permission", "pk": 20, "fields": {"name": "Can view session", "content_type": 5, "codename": "view_session"}}, {"model": "auth.permission", "pk": 21, "fields": {"name": "Can add Категория", "content_type": 6, "codename": "add_category"}}, {"model": "auth.permission", "pk": 22, "fields": {"name": "Can change Категория", "content_type": 6, "codename": "change_category"}}, {"model": "auth.permission", "pk": 23, "fields": {"name": "Can delete Категория", "content_type": 6, "codename": "delete_category"}}, {"model": "auth.permission", "pk": 24, "fields": {"name": "Can view Категория", "content_type": 6, "codename": "view_category"}}, {"model": "auth.permission", "pk": 25, "fields": {"name": "Can add Комментарий", "content_type": 7, "codename": "add_comment"}}, {"model": "auth.permission", "pk": 26, "fields": {"name": "Can change Комментарий", "content_type": 7, "codename": "change_comment"}}, {"model": "auth.permission", "pk": 27, "fields": {"name": "Can delete Комментарий", "content_type": 7, "codename": "delete_comment"}}, {"model": "auth.permission", "pk": 28, "fields": {"name": "Can view Комментарий", "content_type": 7, "codename": "view_comment"}}, {"model": "auth.permission", "pk": 29, "fields": {"name": "Can add Жанр", "content_type": 8, "codename": "add_genre"}}, {"model": "auth.permission", "pk": 30, "fields": {"name": "Can change Жанр", "content_type": 8, "codename": "change_genre"}}, {"model": "auth.permission", "pk": 31, "fields": {"name": "Can delete Жанр", "content_type": 8, "codename": "delete_genre"}}, {"model": "auth.permission", "pk": 32, "fields": {"name": "Can view Жанр", "content_type": 8, "codename": "view_genre"}}, {"model": "auth.permission", "pk": 33, "fields": {"name": "Can add Жанр - Произведение", "content_type": 9, "codename": "add_genretitle"}}, {"model": "auth.permission", "pk": 34, "fields": {"name": "Can change Жанр - Произведение", "content_type": 9, "codename": "change_genretitle"}}, {"model": "auth.permission", "pk": 35, "fields": {"name": "Can delete Жанр - Произведение", "content_type": 9, "codename": "delete_genretitle"}}, {"model": "auth.permission", "pk": 36, "fields": {"name": "Can view Жанр - Произведение", "content_type": 9, "codename": "view_genretitle"}}, {"model": "auth.permission", "pk": 37, "fields": {"name": "Can add Отзыв", "content_type": 10, "codename": "add_review"}}, {"model": "auth.permission", "pk": 38, "fields": {"name": "Can change Отзыв", "content_type": 10, "codename": "change_review"}}, {"model": "auth.permission", "pk": 39, "fields": {"name": "Can delete Отзыв", "content_type": 10, "codename": "delete_review"}}, {"model": "auth.permission", "pk": 40, "fields": {"name": "Can view Отзыв", "content_type": 10, "codename": "view_review"}}, {"model": "auth.permission", "pk": 41, "fields": {"name": "Can add Произведение", "content_type": 11, "codename": "add_title"}}, {"model": "auth.permission", "pk": 42, "fields": {"name": "Can change Произведение", "content_type": 11, "codename": "change_title"}}, {"model": "auth.permission", "pk": 43, "fields": {"name": "Can delete Произведение", "content_type": 11, "codename": "delete_title"}}, {"model": "auth.permission", "pk": 44, "fields": {"name": "Can view Произведение", "content_type": 11, "codename": "view_title"}}, {"model": "auth.permission", "pk": 45, "fields": {"name": "Can add user", "content_type": 12, "codename": "add_user"}}, {"model": "auth.permission", "pk": 46, "fields": {"name": "Can change user", "content_type": 12, "codename": "change_user"}}, {"model": "auth.permission", "pk": 47, "fields": {"name": "Can delete user", "content_type": 12, "codename": "delete_user"}}, {"model": "auth.permission", "pk": 48, "fields": {"name": "Can view user", "content_type": 12, "codename": "view_user"}}, {"model": "contenttypes.contenttype", "pk": 1, "fields": {"app_label": "admin", "model": "logentry"}}, {"model": "contenttypes.contenttype", "pk": 2, "fields": {"app_label": "auth", "model": "permission"}}, {"model": "contenttypes.contenttype", "pk": 3, "fields": {"app_label": "auth", "model": "group"}}, {"model": "contenttypes.contenttype", "pk": 4, "fields": {"app_label": "contenttypes", "model": "contenttype"}}, {"model": "contenttypes.contenttype", "pk": 5, "fields": {"app_label": "sessions", "model": "session"}}, {"model": "contenttypes.contenttype", "pk": 6, "fields": {"app_label": "reviews", "model": "category"}}, {"model": "contenttypes.contenttype", "pk": 7, "fields": {"app_label": "reviews", "model": "comment"}}, {"model": "contenttypes.contenttype", "pk": 8, "fields": {"app_label": "reviews", "model": "genre"}}, {"model": "contenttypes.contenttype", "pk": 9, "fields": {"app_label": "reviews", "model": "genretitle"}}, {"model": "contenttypes.contenttype", "pk": 10, "fields": {"app_label": "reviews", "model": "review"}}, {"model": "contenttypes.contenttype", "pk": 11, "fields": {"app_label": "reviews", "model": "title"}}, {"model": "contenttypes.contenttype", "pk": 12, "fields": {"app_label": "users", "model": "user"}}, {"model": "sessions.session", "pk": "82h3aq0bkixzc6ghcblmofe07ej6etra", "fields": {"session_data": ".eJxVjEEOwiAQRe_C2pDBQhlcuu8ZyDAMUjVtUtqV8e7apAvd_vfef6lI21rj1mSJY1YXZcCp0--aiB8y7SjfabrNmudpXcakd0UftOlhzvK8Hu7fQaVWvzVK6XrwiZOzXJCKMGIgR6EAg5DtvckOSwGLAXPvxHAHeGYfLABZ9f4ATec4eg:1rea6C:oiQTQd9MlmnPwQH9ZyfhxgTpjvcuTh4wfTzVpHvQQMk", "expire_date": "2024-03-11T12:28:48.923Z"}}, {"model": "sessions.session", "pk": "83k62n3qnpxq6776bxolcf2rlkch16lx", "fields": {"session_data": ".eJxVjEEOwiAQRe_C2pDBQhlcuu8ZyDAMUjVtUtqV8e7apAvd_vfef6lI21rj1mSJY1YXZcCp0--aiB8y7SjfabrNmudpXcakd0UftOlhzvK8Hu7fQaVWvzVK6XrwiZOzXJCKMGIgR6EAg5DtvckOSwGLAXPvxHAHeGYfLABZ9f4ATec4eg:1rgnJr:5TMMtRAhcSLM9adKYTCSUysi3U3InSymAroyfStKSKM", "expire_date": "2024-03-17T15:00:03.444Z"}}, {"model": "sessions.session", "pk": "961j7uk5bxwbvkaneao177b5vyd69gan", "fields": {"session_data": ".eJxVjEEOwiAQRe_C2pDBQhlcuu8ZyDAMUjVtUtqV8e7apAvd_vfef6lI21rj1mSJY1YXZcCp0--aiB8y7SjfabrNmudpXcakd0UftOlhzvK8Hu7fQaVWvzVK6XrwiZOzXJCKMGIgR6EAg5DtvckOSwGLAXPvxHAHeGYfLABZ9f4ATec4eg:1rea7E:GrqhZK_U5SS0A1prqeXPr6MHhk64bNG147N7C8E47lA", "expire_date": "2024-03-11T12:29:52.542Z"}}, {"model": "sessions.session", "pk": "9vfzrlran5i7n8mw0177sh4g98qzbru1", "fields": {"session_data": ".eJxVjEEOwiAQRe_C2pDBQhlcuu8ZyDAMUjVtUtqV8e7apAvd_vfef6lI21rj1mSJY1YXZcCp0--aiB8y7SjfabrNmudpXcakd0UftOlhzvK8Hu7fQaVWvzVK6XrwiZOzXJCKMGIgR6EAg5DtvckOSwGLAXPvxHAHeGYfLABZ9f4ATec4eg:1reJjE:7mvEPCZl8AyrzzcLCUb3gigO3enWGOJi8p6pJOuuwys", "expire_date": "2024-03-10T19:00:00.762Z"}}, {"model": "sessions.session", "pk": "ataz4f07avs0tt25mdyk2747r925vam0", "fields": {"session_data": ".eJxVjEEOwiAQRe_C2pDBQhlcuu8ZyDAMUjVtUtqV8e7apAvd_vfef6lI21rj1mSJY1YXZcCp0--aiB8y7SjfabrNmudpXcakd0UftOlhzvK8Hu7fQaVWvzVK6XrwiZOzXJCKMGIgR6EAg5DtvckOSwGLAXPvxHAHeGYfLABZ9f4ATec4eg:1reaAU:ijHWrySlI3qmQlxofNdpP8vsGBC6EzWHsZCymd-Qum0", "expire_date": "2024-03-11T12:33:14.296Z"}}, {"model": "sessions.session", "pk": "qdxg6i9flmhaomza7lvmajs9pi4w1bpp", "fields": {"session_data": ".eJxVjEEOwiAQRe_C2pDBQhlcuu8ZyDAMUjVtUtqV8e7apAvd_vfef6lI21rj1mSJY1YXZcCp0--aiB8y7SjfabrNmudpXcakd0UftOlhzvK8Hu7fQaVWvzVK6XrwiZOzXJCKMGIgR6EAg5DtvckOSwGLAXPvxHAHeGYfLABZ9f4ATec4eg:1rea1L:fHEUqOe7B8Xadj3JNvqAWs-lwDIs_lH3ghpHYt8TtNs", "expire_date": "2024-03-11T12:23:47.610Z"}}, {"model": "sessions.session", "pk": "s2icjo01e567fkvs3em0bfy1tpka44gj", "fields": {"session_data": "eyJfcGFzc3dvcmRfcmVzZXRfdG9rZW4iOiJjMzBxZGstNDQ5MGZlOWIzMmFhZWYwNzNmMDdhYzk1MGE2NjlmMjEifQ:1redVC:zczlT6OO6E30ZbvqzCn1HJBqJImtetnorJ69ea8XEwA", "expire_date": "2024-03-11T16:06:50.674Z"}}, {"model": "sessions.session", "pk": "txp5mcifl42l7yhix9omy5h7xs67bj5g", "fields": {"session_data": ".eJxVjEEOwiAQRe_C2pDBQhlcuu8ZyDAMUjVtUtqV8e7apAvd_vfef6lI21rj1mSJY1YXZcCp0--aiB8y7SjfabrNmudpXcakd0UftOlhzvK8Hu7fQaVWvzVK6XrwiZOzXJCKMGIgR6EAg5DtvckOSwGLAXPvxHAHeGYfLABZ9f4ATec4eg:1rea3t:6WJ-VGZHCPUa4dBpP5dWfUGUNYgpyFUMlB0FAkmpM4s", "expire_date": "2024-03-11T12:26:25.644Z"}}, {"model": "sessions.session", "pk": "u7kz7bxz4m2b4rr7al4qj9rileb0j9np", "fields": {"session_data": ".eJxVjEEOwiAQRe_C2pDBQhlcuu8ZyDAMUjVtUtqV8e7apAvd_vfef6lI21rj1mSJY1YXZcCp0--aiB8y7SjfabrNmudpXcakd0UftOlhzvK8Hu7fQaVWvzVK6XrwiZOzXJCKMGIgR6EAg5DtvckOSwGLAXPvxHAHeGYfLABZ9f4ATec4eg:1rea3K:8fdkD27rx_fxs3xRHRdeZey_PpV1vk2paq64EUOlwoY", "expire_date": "2024-03-11T12:25:50.162Z"}}, {"model": "sessions.session", "pk": "wr5kvzczobojtitb3lqyqnbtispiwyz7", "fields": {"session_data": ".eJxVjEsOwjAMBe-SNYoah8YNS_Y9Q2THLi2gROpnhbg7VOoCtm9m3ssk2tYxbYvOaRJzMa4J5vS7MuWHlh3Jncqt2lzLOk9sd8UedLF9FX1eD_fvYKRl_NYKESjEQQGj4hmZBnAd-ibkwErgsWMQ56VF6HzLkXIEJ4IRcxg0m_cHJdM4UQ:1rgnGy:LIF-57LX4Vzanh57irtJlaXrpvLvVvJYeA95qesX6FQ", "expire_date": "2024-03-17T14:57:04.101Z"}}, {"model": "reviews.category", "pk": 1, "fields": {"name": "Фильм", "slug": "movie"}}, {"model": "reviews.category", "pk": 2, "fields": {"name": "Книга", "slug": "book"}}, {"model": "reviews.category", "pk": 3, "fields": {"name": "Музыка", "slug": "music"}}, {"model": "reviews.genre", "pk": 1, "fields": {"name": "Драма", "slug": "drama"}}, {"model": "reviews.genre", "pk": 2, "fields": {"name": "Комедия", "slug": "comedy"}}, {"model": "reviews.genre", "pk": 3, "fields": {"name": "Вестерн", "slug": "western"}}, {"model": "reviews.genre", "pk": 4, "fields": {"name": "Фэнтези", "slug": "fantasy"}}, {"model": "reviews.genre", "pk": 5, "fields": {"name": "Фантастика", "slug": "sci-fi"}}, {"model": "reviews.genre", "pk": 6, "fields": {"name": "Детектив", "slug": "detective"}}, {"model": "reviews.genre", "pk": 7, "fields": {"name": "Триллер", "slug": "thriller"}}, {"model": "reviews.genre", "pk": 8, "fields": {"name": "Сказка", "slug": "tale"}}, {"model": "reviews.genre", "pk": 9, "fields": {"name": "Гонзо", "slug": "gonzo"}}, {"model": "reviews.genre", "pk": 10, "fields": {"name": "Роман", "slug": "roman"}}, {"model": "reviews.genre", "pk": 11, "fields": {"name": "Баллада", "slug": "ballad"}}, {"model": "reviews.genre", "pk": 12, "fields": {"name": "Rock-n-roll", "slug": "rock-n-roll"}}, {"model": "reviews.genre", "pk": 13, "fields": {"name": "Классика", "slug": "classical"}}, {"model": "reviews.genre", "pk": 14, "fields": {"name": "Рок", "slug": "rock"}}, {"model": "reviews.genre", "pk": 15, "fields": {"name": "Шансон", "slug": "chanson"}}, {"model": "reviews.title", "pk": 1, "fields": {"name": "Побег из Шоушенка", "year": 1994, "category": 1, "description": null}}, {"model": "reviews.title", "pk": 2, "fields": {"name": "Крестный отец", "year": 1972, "category": 1, "description": null}}, {"model": "reviews.title", "pk": 3, "fields": {"name": "12 разгневанных мужчин", "year": 1957, "category": 1, "description": null}}, {"model": "reviews.title", "pk": 4, "fields": {"name": "Список Шиндлера", "year": 1993, "category": 1, "description": null}}, {"model": "reviews.title", "pk": 5, "fields": {"name": "Криминальное чтиво", "year": 1994, "category": 1, "description": null}}, {"model": "reviews.title", "pk": 6, "fields": {"name": "Хороший, плохой, злой", "year": 1966, "category": 1, "description": null}}, {"model": "reviews.title", "pk": 7, "fields": {"name": "Властелин колец: Братство кольца", "year": 2001, "category": 1, "description": null}}, {"model": "reviews.title", "pk": 8, "fields": {"name": "Бойцовский клуб", "year": 1999, "category": 1, "description": null}}, {"model": "reviews.title", "pk": 9, "fields": {"name": "Форрест Гамп", "year": 1994, "category": 1, "description": null}}, {"model": "reviews.title", "pk": 10, "fields": {"name": "Звёздные войны. Эпизод 5: Империя наносит ответный удар", "year": 1980, "category": 1, "description": null}}, {"model": "reviews.title", "pk": 11, "fields": {"name": "Властелин колец: Две крепости", "year": 2002, "category": 1, "description": null}}, {"model": "reviews.title", "pk": 12, "fields": {"name": "Матрица", "year": 1999, "category": 1, "description": null}}, {"model": "reviews.title", "pk": 13, "fields": {"name": "Пролетая над гнездом кукушки", "year": 1975, "category": 1, "description": null}}, {"model": "reviews.title", "pk": 14, "fields": {"name": "Назад в будущее", "year": 1985, "category": 1, "description": null}}, {"model": "reviews.title", "pk": 15, "fields": {"name": "Операция «Ы» и другие приключения Шурика", "year": 1965, "category": 1, "description": null}}, {"model": "reviews.title", "pk": 16, "fields": {"name": "Карты, деньги, два ствола", "year": 1998, "category": 1, "description": null}}, {"model": "reviews.title", "pk": 17, "fields": {"name": "Джентльмены удачи ", "year": 1971, "category": 1, "description": null}}, {"model": "reviews.title", "pk": 18, "fields": {"name": "Джанго освобожденный", "year": 2012, "category": 1, "description": null}}, {"model": "reviews.title", "pk": 19, "fields": {"name": "Generation П", "year": 2011, "category": 1, "description": null}}, {"model": "reviews.title", "pk": 20, "fields": {"name": "Колобок", "year": 1873, "category": 2, "description": null}}, {"model": "reviews.title", "pk": 21, "fields": {"name": "Страх и ненависть в Лас-Вегасе", "year": 1971, "category": 2, "description": null}}, {"model": "reviews.title", "pk": 22, "fields": {"name": "Война и мир", "year": 1865, "category": 2, "description": null}}, {"model": "reviews.title", "pk": 23, "fields": {"name": "Улисс", "year": 1918, "category": 2, "description": null}}, {"model": "reviews.title", "pk": 24, "fields": {"name": "Generation П", "year": 1999, "category": 2, "description": null}}, {"model": "reviews.title", "pk": 25, "fields": {"name": "Винни Пух и все-все-все", "year": 1926, "category": 2, "description": null}}, {"model": "reviews.title", "pk": 26, "fields": {"name": "Стас Михайлов - Позывные на любовь", "year": 2004, "category": 3, "description": null}}, {"model": "reviews.title", "pk": 27, "fields": {"name": "Led Zeppelin — Stairway to Heaven", "year": 1971, "category": 3, "description": null}}, {"model": "reviews.title", "pk": 28, "fields": {"name": "Jethro Tull - Aqualung", "year": 1971, "category": 3, "description": null}}, {"model": "reviews.title", "pk": 29, "fields": {"name": "Elvis Presley - Blue Suede Shoes", "year": 1955, "category": 3, "description": null}}, {"model": "reviews.title", "pk": 30, "fields": {"name": "Deep Purple — Smoke on the Water", "year": 1971, "category": 3, "description": null}}, {"model": "reviews.title", "pk": 31, "fields": {"name": "Моцарт - Турецкий марш", "year": 1784, "category": 3, "description": null}}, {"model": "reviews.title", "pk": 32, "fields": {"name": "Бах. Оркестровая Сюита №2 си минор", "year": 1739, "category": 3, "description": null}}, {"model": "reviews.genretitle", "pk": 1, "fields": {"genre": 1, "title": 1}}, {"model": "reviews.genretitle", "pk": 2, "fields": {"genre": 1, "title": 2}}, {"model": "reviews.genretitle", "pk": 3, "fields": {"genre": 1, "title": 3}}, {"model": "reviews.genretitle", "pk": 4, "fields": {"genre": 1, "title": 4}}, {"model": "reviews.genretitle", "pk": 5, "fields": {"genre": 2, "title": 5}}, {"model": "reviews.genretitle", "pk": 6, "fields": {"genre": 6, "title": 5}}, {"model": "reviews.genretitle", "pk": 7, "fields": {"genre": 7, "title": 5}}, {"model": "reviews.genretitle", "pk": 8, "fields": {"genre": 3, "title": 6}}, {"model": "reviews.genretitle", "pk": 9, "fields": {"genre": 4, "title": 7}}, {"model": "reviews.genretitle", "pk": 10, "fields": {"genre": 7, "title": 8}}, {"model": "reviews.genretitle", "pk": 11, "fields": {"genre": 1, "title": 9}}, {"model": "reviews.genretitle", "pk": 12, "fields": {"genre": 2, "title": 9}}, {"model": "reviews.genretitle", "pk": 13, "fields": {"genre": 4, "title": 10}}, {"model": "reviews.genretitle", "pk": 14, "fields": {"genre": 4, "title": 11}}, {"model": "reviews.genretitle", "pk": 15, "fields": {"genre": 1, "title": 12}}, {"model": "reviews.genretitle", "pk": 16, "fields": {"genre": 5, "title": 12}}, {"model": "reviews.genretitle", "pk": 17, "fields": {"genre": 6, "title": 12}}, {"model": "reviews.genretitle", "pk": 18, "fields": {"genre": 8, "title": 12}}, {"model": "reviews.genretitle", "pk": 19, "fields": {"genre": 1, "title": 13}}, {"model": "reviews.genretitle", "pk": 20, "fields": {"genre": 5, "title": 14}}, {"model": "reviews.genretitle", "pk": 21, "fields": {"genre": 2, "title": 15}}, {"model": "reviews.genretitle", "pk": 22, "fields": {"genre": 6, "title": 15}}, {"model": "reviews.genretitle", "pk": 23, "fields": {"genre": 8, "title": 15}}, {"model": "reviews.genretitle", "pk": 24, "fields": {"genre": 2, "title": 16}}, {"model": "reviews.genretitle", "pk": 25, "fields": {"genre": 2, "title": 17}}, {"model": "reviews.genretitle", "pk": 26, "fields": {"genre": 1, "title": 18}}, {"model": "reviews.genretitle", "pk": 27, "fields": {"genre": 1, "title": 19}}, {"model": "reviews.genretitle", "pk": 28, "fields": {"genre": 7, "title": 20}}, {"model": "reviews.genretitle", "pk": 29, "fields": {"genre": 8, "title": 20}}, {"model": "reviews.genretitle", "pk": 30, "fields": {"genre": 9, "title": 21}}, {"model": "reviews.genretitle", "pk": 31, "fields": {"genre": 10, "title": 22}}, {"model": "reviews.genretitle", "pk": 32, "fields": {"genre": 10, "title": 23}}, {"model": "reviews.genretitle", "pk": 33, "fields": {"genre": 10, "title": 24}}, {"model": "reviews.genretitle", "pk": 34, "fields": {"genre": 8, "title": 25}}, {"model": "reviews.genretitle", "pk": 35, "fields": {"genre": 15, "title": 26}}, {"model": "reviews.genretitle", "pk": 36, "fields": {"genre": 11, "title": 27}}, {"model": "reviews.genretitle", "pk": 37, "fields": {"genre": 14, "title": 27}}, {"model": "reviews.genretitle", "pk": 38, "fields": {"genre": 11, "title": 28}}, {"model": "reviews.genretitle", "pk": 39, "fields": {"genre": 12, "title": 29}}, {"model": "reviews.genretitle", "pk": 40, "fields": {"genre": 14, "title": 30}}, {"model": "reviews.genretitle", "pk": 41, "fields": {"genre": 13, "title": 31}}, {"model": "reviews.genretitle", "pk": 42, "fields": {"genre": 13, "title": 32}}, {"model": "reviews.review", "pk": 1, "fields": {"pub_date": "2024-02-23T10:58:29.352Z", "author": 100, "title": 1, "text": "Ставлю десять звёзд!\n...Эти голоса были чище и светлее тех, о которых мечтали в этом сером, убогом месте. Как будто две птички влетели и своими голосами развеяли стены наших клеток, и на короткий миг каждый человек в Шоушенке почувствовал себя свободным.", "score": 10}}, {"model": "reviews.review", "pk": 2, "fields": {"pub_date": "2024-02-23T10:58:29.466Z", "author": 101, "title": 1, "text": "Не привыкай\n«Эти стены имеют одно свойство: сначала ты их ненавидишь, потом привыкаешь, а потом не можешь без них жить»", "score": 10}}, {"model": "reviews.review", "pk": 3, "fields": {"pub_date": "2024-02-23T10:58:29.595Z", "author": 102, "title": 2, "text": "Фильм, разобранный на цитаты, достоин высшей оценки. Десять с плюсом (жаль, тут плюса нет)\n\"Ты пришел и говоришь: \"Дон Корлеоне, мне нужна справедливость\". Но ты просишь без уважения, ты не предлагаешь дружбу, ты даже не назвал меня Крестным Отцом.\"", "score": 10}}, {"model": "reviews.review", "pk": 4, "fields": {"pub_date": "2024-02-23T10:58:29.729Z", "author": 103, "title": 2, "text": "Жестокий, жестокий, жестокий мир, не о таком мечтали мы в детстве!!111\n***Отец сделал ему предложение, от которого он не смог отказаться. Лука Брази держал пистолет у его виска, и отец предложил выбор: либо на контракте мозги, либо подпись.***", "score": 1}}, {"model": "reviews.review", "pk": 5, "fields": {"pub_date": "2024-02-23T10:58:29.862Z", "author": 104, "title": 2, "text": "Это мои соседи! Ставлю три звезды за то, что они дважды отдавили мне окном пальцы:\n----------------------\n— Вы живёте в плохом районе?\n— Не то слово. Однажды с нашей улицы угнали полицейскую машину с двумя полицейскими. В дом всё время лезут воры. Каждый раз, как я пытаюсь закрыть окно, прищемляю кому-нибудь пальцы.", "score": 3}}, {"model": "reviews.review", "pk": 6, "fields": {"pub_date": "2024-02-23T10:58:30.488Z", "author": 100, "title": 5, "text": "Всё, как в разных языках программирования! В основном — похоже, но вот эти маленькие различия выводят из себя. \nВеликий фильм на все случаи жизни!\n=====================================================\n— А знаешь, как в Париже называют четвертьфунтовый чизбургер?\n— Что, они не зовут его четвертьфунтовый чизбургер?\n— У них там метрическая система. Они вообще там не понимают, что за хрен четверть фунта.\n— И как они его зовут?\n— Они зовут его «Роял чизбургер».\n— «Роял чизбургер»? А как же тогда они зовут «Биг Мак»?\n— «Биг Мак» это «Биг Мак», только они называют его «Лё Биг Мак».", "score": 8}}, {"model": "reviews.review", "pk": 7, "fields": {"pub_date": "2024-02-23T10:58:30.617Z", "author": 101, "title": 5, "text": "Ничего не понятно. Они там что, страницы сценария перепутали? Его сперва убили, а потом он опять жив, а они сперва в футболках, потом в костюмах, а потом опять в футболках. Ерунда полная", "score": 1}}, {"model": "reviews.review", "pk": 8, "fields": {"pub_date": "2024-02-23T10:58:30.734Z", "author": 102, "title": 5, "text": "Очень поучительный фильм о том, что такое хорошо, что такое плохо и почему не надо читать в туалете.\nТвердая восьмёрка", "score": 8}}, {"model": "reviews.review", "pk": 9, "fields": {"pub_date": "2024-02-23T10:58:30.851Z", "author": 103, "title": 6, "text": "Посмотрел фильм. \n— На свете есть два типа людей: те, кто копает и те, у кого заряжен револьвер.\nПойду копать, как велел Клинт. \nДевять баллов.", "score": 9}}, {"model": "reviews.review", "pk": 10, "fields": {"pub_date": "2024-02-23T10:58:30.967Z", "author": 104, "title": 6, "text": "Вечная проблема всех злодеев, болтающих-болтающих-болтающих вместо того, чтобы просто застрелить противника, одним махом решена в этой сцене.\nЗа одно это фильм заслуживает высшего балла\n\"Пришел стрелять - стреляй, а не болтай!\"", "score": 10}}, {"model": "reviews.review", "pk": 12, "fields": {"pub_date": "2024-02-23T10:58:33.227Z", "author": 101, "title": 14, "text": "Недавно именно так я изобрёл вечный двигатель! Чистая правда в фильме, почему он назван \"фантастикой\", это же полнейший реализм!\nВот цитата. Но зачем ему часы в уборной?!\n— В тот день я изобрёл путешествие во времени! Как сейчас помню… Я стоял на унитазе и вешал часы. Вдруг подскользнулся, ударился головой о раковину", "score": 8}}, {"model": "reviews.review", "pk": 13, "fields": {"pub_date": "2024-02-23T10:58:33.349Z", "author": 102, "title": 14, "text": "Великий фильм, жаль только, что будущее, которое в нём показано, уже в прошлом. Но проблемы всё теже, вот как эта, например: «Док, послушай, всё, что нам нужно — это немного плутония!»\nВсегда не хватает какой-нибудь мелочи. Семёрка за то, что будущее оказалось не таким, как обещали.", "score": 7}}, {"model": "reviews.review", "pk": 14, "fields": {"pub_date": "2024-02-23T10:58:33.522Z", "author": 103, "title": 14, "text": "Будущее выглядит странно и неожиданно, тоже мне, бином Ньютона. Но диалог прекрасен, и за это не стану сильно минусовать.\n-- Then tell me, future boy, who's President of the United States in 1985?\n-- Ronald Reagan.\n-- Ronald Reagan? The actor? Then who's vice president? Jerry Lewis?", "score": 4}}, {"model": "reviews.review", "pk": 15, "fields": {"pub_date": "2024-02-23T10:58:35.448Z", "author": 104, "title": 17, "text": "Неужели из тюрьмы так легко было сбежать? Раз - и ты на свободе. Да, побег из Шоушенка пришлось готовить немного дольше. Пять за соцреализм", "score": 5}}, {"model": "reviews.review", "pk": 16, "fields": {"pub_date": "2024-02-23T10:58:30.005Z", "author": 100, "title": 3, "text": "Сходила в кино, решила написать: драйв и огонь, но иногда какой-то бред на экране. В середине фильма просто отличные диалоги! Пусть будет 7", "score": 7}}, {"model": "reviews.review", "pk": 17, "fields": {"pub_date": "2024-02-23T10:58:30.150Z", "author": 101, "title": 3, "text": "Смотрел, не отрываясь, хочу описать свои впечатления. По моему мнению, сценарий подкачал, зато подбор актёров - супер. Начало немного затянуто. Оператору - Оскара! Всё остальное - не очень. Фильм тянет на 8 из 10", "score": 8}}, {"model": "reviews.review", "pk": 18, "fields": {"pub_date": "2024-02-23T10:58:30.278Z", "author": 102, "title": 4, "text": "Скачал, посмотрел, думаю, что актёры так себе, сценарий хороший. Диалоги прекрасные, так что пусть будет восемь звезд", "score": 8}}, {"model": "reviews.review", "pk": 19, "fields": {"pub_date": "2024-02-23T10:58:30.383Z", "author": 103, "title": 4, "text": "Посмотрел. По моему мнению, актёры так себе, но сценарий хороший. Первую половину фильма можно спать, не опасаясь, что что-то пропустишь. Не раздумывая, ставлю уверенную десятку", "score": 10}}, {"model": "reviews.review", "pk": 20, "fields": {"pub_date": "2024-02-23T10:58:31.222Z", "author": 104, "title": 7, "text": "Скажу тем, кто ещё не смотрел: если бы я был режиссёром этого фильма - я бы не гордился. Оператора уволить, фильм получился так себе, но один раз посмотреть - сойдёт. Авторы честно заслужили 5 из 10", "score": 5}}, {"model": "reviews.review", "pk": 21, "fields": {"pub_date": "2024-02-23T10:58:31.094Z", "author": 100, "title": 7, "text": "Скачал, посмотрел, думаю, что сценарий подкачал, зато подбор актёров - супер. Начало немного затянуто, да и вообще не очень. Фильм едва тянет на 4", "score": 4}}, {"model": "reviews.review", "pk": 22, "fields": {"pub_date": "2024-02-23T10:58:31.326Z", "author": 101, "title": 8, "text": "Мне кажется, что я впустую потерял время. Ставлю 2", "score": 2}}, {"model": "reviews.review", "pk": 23, "fields": {"pub_date": "2024-02-23T10:58:31.454Z", "author": 102, "title": 8, "text": "Посмотрела. Актёры так себе, сценарий хороший. Уснула к середине. Не раздумывая, ставлю двойку ", "score": 2}}, {"model": "reviews.review", "pk": 24, "fields": {"pub_date": "2024-02-23T10:58:31.699Z", "author": 103, "title": 9, "text": "Все очень долго ждали премьеру фильма,и наконец дождались.Фильм отличный,добрый,смотрится почти на одном дыхании,с завязанным сюжетом и не менее крутой музыкой.Кино очень понравилось!!!Всем советую.", "score": 10}}, {"model": "reviews.review", "pk": 25, "fields": {"pub_date": "2024-02-23T10:58:31.805Z", "author": 104, "title": 9, "text": "Отстой-фильм. Не ходите", "score": 1}}, {"model": "reviews.review", "pk": 26, "fields": {"pub_date": "2024-02-23T10:58:31.582Z", "author": 100, "title": 9, "text": "Для людей, которые хотят посмеяться и получить море эмоций, тот самый фильм. Мне очень понравился.", "score": 10}}, {"model": "reviews.review", "pk": 27, "fields": {"pub_date": "2024-02-23T10:58:31.909Z", "author": 101, "title": 10, "text": "Первый раз в жизни решила написать отзыв,чтобы предостеречь от потери денег на билет и траты времени на просмотр. К игре актеров претензий нет", "score": 2}}, {"model": "reviews.review", "pk": 28, "fields": {"pub_date": "2024-02-23T10:58:32.042Z", "author": 102, "title": 10, "text": "2 часа смотрятся на одном дыхании. Спецэффекты на уровне фильмов Марвела. Смотрели всей семьей. Посмотрел несколько отзывов, понял , что фильм стоит посмотреть", "score": 10}}, {"model": "reviews.review", "pk": 29, "fields": {"pub_date": "2024-02-23T10:58:32.274Z", "author": 103, "title": 11, "text": "Действия персонажей вызывают постоянный вопросы - что и зачем они это делают. Логики просто нет. После половины фильма уже хочется уйти", "score": 1}}, {"model": "reviews.review", "pk": 30, "fields": {"pub_date": "2024-02-23T10:58:32.392Z", "author": 104, "title": 11, "text": "Лучший фильм, однозначно. Шедевр. Но следует понимать, что это не кино под пиво для молодежи. Стильно снято, на одном дыхании\nсмотрится, персонажи великолепны", "score": 10}}, {"model": "reviews.review", "pk": 31, "fields": {"pub_date": "2024-02-23T10:58:32.159Z", "author": 100, "title": 11, "text": "Тупее не видел, смотреть не интересно скучняк", "score": 1}}, {"model": "reviews.review", "pk": 32, "fields": {"pub_date": "2024-02-23T10:58:32.508Z", "author": 101, "title": 12, "text": "Фильм интересный,но не доработанный.Остроты сюжета не хватает", "score": 8}}, {"model": "reviews.review", "pk": 33, "fields": {"pub_date": "2024-02-23T10:58:32.621Z", "author": 102, "title": 12, "text": "Самая сильная картина за последнее время. Фильм заставляет плакать, радоваться, грустить, держит в напряжении", "score": 10}}, {"model": "reviews.review", "pk": 34, "fields": {"pub_date": "2024-02-23T10:58:32.751Z", "author": 103, "title": 12, "text": "С огромным удовольствием сходила в кинотеатр. Одноразовые фильмы, названия которых забываешь на выходе из дверей кинозала, разочаровывают. И вот настоящий, душевный, жизненный фильм. Игра акторов и сюжет бомбические.", "score": 9}}, {"model": "reviews.review", "pk": 35, "fields": {"pub_date": "2024-02-23T10:58:33.117Z", "author": 104, "title": 13, "text": "Что сказать после просмотра? Ничего. Такое ощущение, что тебя обманули, заставили смотреть за твои деньги на стену", "score": 1}}, {"model": "reviews.review", "pk": 36, "fields": {"pub_date": "2024-02-23T10:58:32.874Z", "author": 100, "title": 13, "text": "Хотелось уйти уже на двадцатой минуте. Неинтересно и нудно. Режиссура не впечатлила, ну просто неинтересно смотреть было", "score": 2}}, {"model": "reviews.review", "pk": 37, "fields": {"pub_date": "2024-02-23T10:58:32.995Z", "author": 101, "title": 13, "text": "Фильм стоит увидеть тем, кому интересно современное кино. Не скучно, не затянуто, понравилась операторская работа, некоторые сцены сделаны на хорошем уровне", "score": 8}}, {"model": "reviews.review", "pk": 38, "fields": {"pub_date": "2024-02-23T10:58:33.645Z", "author": 102, "title": 15, "text": "Муторно и тяжело. Ставлю 2", "score": 2}}, {"model": "reviews.review", "pk": 39, "fields": {"pub_date": "2024-02-23T10:58:33.766Z", "author": 103, "title": 15, "text": "Фильм не оправдал ожиданий. Сплошная каша, слабый сценарий. С трудом досмотрела до конца. Ожидала нечто такого интересного и захватывающее. Полное разочарование. Отдельные несвязные сцены, непонятные диалоги", "score": 3}}, {"model": "reviews.review", "pk": 40, "fields": {"pub_date": "2024-02-23T10:58:33.953Z", "author": 104, "title": 15, "text": "Мне фильм понравился. Все качественно,красиво. Игра актеров, в основном, очень даже. Но слишком много, для меня кровавых сцен,слабонервным просьба не смотреть", "score": 9}}, {"model": "reviews.review", "pk": 41, "fields": {"pub_date": "2024-02-23T10:58:34.135Z", "author": 100, "title": 16, "text": "Зря потерянное время! Эмоции после просмотра, - безысходность, ничего уже не изменишь. Фильм вообще никакой!!!\nИ поставили его люди бездарные и никчёмные!!!", "score": 1}}, {"model": "reviews.review", "pk": 42, "fields": {"pub_date": "2024-02-23T10:58:34.603Z", "author": 101, "title": 16, "text": "После просмотра разочарование граничит с шоком. Бездарный фильм, как предыдущий от этого же режиссера. Не рекомендую никому! Плохо, неправдоподобно, скомкано снято.", "score": 2}}, {"model": "reviews.review", "pk": 43, "fields": {"pub_date": "2024-02-23T10:58:35.052Z", "author": 102, "title": 16, "text": "Фильм мощный. Главное - не занимать чью-то позицию, а смотреть со стороны. Впервые вижу, чтобы было так детально показаны переживания и эмоции каждого героя. Все на своем месте. Актеры и графика на высоте.", "score": 10}}, {"model": "reviews.review", "pk": 44, "fields": {"pub_date": "2024-02-23T10:58:35.250Z", "author": 103, "title": 17, "text": "Если такой жанр вам по вкусу, то даже не сомневайтесь - бегом в кинотеатр! Фильм - огонь! Интересный сюжет, великолепная игра актёров, съёмки просто супер, да и спецэффекты на высоте", "score": 10}}, {"model": "reviews.review", "pk": 45, "fields": {"pub_date": "2024-02-23T10:58:36.069Z", "author": 104, "title": 18, "text": "Сюжет, мысль, философия, игра актеров, эмоции - блеск! Сюжет динамичный, игра актёров хороша, но не идеальна.", "score": 8}}, {"model": "reviews.review", "pk": 46, "fields": {"pub_date": "2024-02-23T10:58:35.907Z", "author": 100, "title": 18, "text": "Разочарованине, вытащила себя в кино, а тут такое. Реклама шла мноообещающая, а в реальности всё не то", "score": 2}}, {"model": "reviews.review", "pk": 47, "fields": {"pub_date": "2024-02-23T10:58:36.195Z", "author": 101, "title": 19, "text": "Неправдоподобный, нелогичный, бессмысленный фильм. Просто никакой, можете даже не смотреть, сути не уловите. Мне понравился", "score": 10}}, {"model": "reviews.review", "pk": 48, "fields": {"pub_date": "2024-02-23T10:58:36.415Z", "author": 102, "title": 19, "text": "Интересно продуманный фильм, цепляет необычным сюжетом. длинный, что бывает не во всех фильмах. Актёры крутые. В общем, посмотреть можно.", "score": 8}}, {"model": "reviews.review", "pk": 49, "fields": {"pub_date": "2024-02-23T10:58:36.559Z", "author": 103, "title": 20, "text": "Внимательно слежу за всеми новыми изданиями, покупаю каждое. Лучший триллер тысячелетия — это «Колобок»", "score": 10}}, {"model": "reviews.review", "pk": 50, "fields": {"pub_date": "2024-02-23T10:58:36.701Z", "author": 104, "title": 20, "text": "А вот у кипчаков «колобок» — шарик из навоза! И сказка приобретает совсем другой смысл! «Не хитри, а то навоза накушаешься!»", "score": 10}}, {"model": "reviews.review", "pk": 51, "fields": {"pub_date": "2024-02-23T10:58:36.816Z", "author": 100, "title": 21, "text": "Прочла от начала до конца, не отрываясь. Ужасная книга, чему она может научить нашу молодёжь.", "score": 1}}, {"model": "reviews.review", "pk": 52, "fields": {"pub_date": "2024-02-23T10:58:36.955Z", "author": 101, "title": 21, "text": "Суровые американские семидесятые в документальном изложении. Как автор дожил до 2005-го года — загадка. Но роман прекрасный.", "score": 10}}, {"model": "reviews.review", "pk": 53, "fields": {"pub_date": "2024-02-23T10:58:37.086Z", "author": 102, "title": 22, "text": "Многабукуф. Ниасилил. В аннотации написано — «великий роман», так что ставлю максимальную оценку", "score": 10}}, {"model": "reviews.review", "pk": 54, "fields": {"pub_date": "2024-02-23T10:58:37.218Z", "author": 103, "title": 22, "text": "Если такой жанр вам по вкусу, то даже не сомневайтесь: садитесь читать! Роман - огонь! Интересный сюжет, великолепные персонажи, небо Аустерлица и встреча с дубом", "score": 10}}, {"model": "reviews.review", "pk": 55, "fields": {"pub_date": "2024-02-23T10:58:37.350Z", "author": 104, "title": 22, "text": "Я ВиМ в школе читал (заставляли), а потом опять случайно прочёл, и оказалось, что он и правла великий, а не просто так. Не ставлю десятку только в память о школьных мучениях", "score": 8}}, {"model": "reviews.review", "pk": 56, "fields": {"pub_date": "2024-02-23T10:58:37.477Z", "author": 100, "title": 23, "text": "Ничего не понял", "score": 3}}, {"model": "reviews.review", "pk": 57, "fields": {"pub_date": "2024-02-23T10:58:37.625Z", "author": 101, "title": 23, "text": "Не понял вообще ничего", "score": 1}}, {"model": "reviews.review", "pk": 58, "fields": {"pub_date": "2024-02-23T10:58:37.742Z", "author": 102, "title": 23, "text": "Совсем непонятно, но здорово", "score": 8}}, {"model": "reviews.review", "pk": 59, "fields": {"pub_date": "2024-02-23T10:58:37.889Z", "author": 103, "title": 23, "text": "Что это было?! Десятка за уровень непонятности", "score": 10}}, {"model": "reviews.review", "pk": 60, "fields": {"pub_date": "2024-02-23T10:58:38.032Z", "author": 104, "title": 23, "text": "Детально комментировать не буду, но это шедевр", "score": 10}}, {"model": "reviews.review", "pk": 63, "fields": {"pub_date": "2024-02-23T10:58:38.175Z", "author": 102, "title": 24, "text": "Не может быть такого. Это всё придумано, автор попытался обмануть читателя, но мы, читатели, умнее его. Нас вокруг пальца не обведёшь!!", "score": 2}}, {"model": "reviews.review", "pk": 64, "fields": {"pub_date": "2024-02-23T10:58:38.328Z", "author": 103, "title": 24, "text": "Всё совершенно не так, как на самом деле, и в документальной повести это хорошо описано", "score": 9}}, {"model": "reviews.review", "pk": 65, "fields": {"pub_date": "2024-02-23T10:58:38.625Z", "author": 104, "title": 25, "text": "Если бы я только мог на минутку перестать бумкать головой по ступенькам и как следует сосредоточиться — я бы написал прекрасный отзыв. Но увы — сосредоточиться-то мне и некогда: учёба, работа. Просто поставлю пятёрку", "score": 10}}, {"model": "reviews.review", "pk": 66, "fields": {"pub_date": "2024-02-23T10:58:38.482Z", "author": 100, "title": 25, "text": "Это просто «Война и мир» для детей. Читать всем", "score": 10}}, {"model": "reviews.review", "pk": 67, "fields": {"pub_date": "2024-02-23T10:58:38.748Z", "author": 101, "title": 26, "text": "Слушаю и плачу. Плачу, но слушаю", "score": 10}}, {"model": "reviews.review", "pk": 68, "fields": {"pub_date": "2024-02-23T10:58:38.912Z", "author": 102, "title": 27, "text": "Какой-то непонятный шум. Неужели это кто-то слушает?", "score": 1}}, {"model": "reviews.review", "pk": 69, "fields": {"pub_date": "2024-02-23T10:58:39.072Z", "author": 103, "title": 27, "text": "Ничего не понятно. О чём эта песня, чему она учит?", "score": 2}}, {"model": "reviews.review", "pk": 70, "fields": {"pub_date": "2024-02-23T10:58:39.747Z", "author": 104, "title": 28, "text": "Йэн Андерсон великий!!!!!!!!1111", "score": 10}}, {"model": "reviews.review", "pk": 71, "fields": {"pub_date": "2024-02-23T10:58:39.571Z", "author": 100, "title": 28, "text": "Неужели песню про аквалангистов перевели на английский?! Ну наконец-то! Аквалангисты — это хорошо!", "score": 10}}, {"model": "reviews.review", "pk": 72, "fields": {"pub_date": "2024-02-23T10:58:39.890Z", "author": 101, "title": 29, "text": "Мы прыгали, вертелись и кружились так, что пол ходил ходуном!", "score": 10}}, {"model": "reviews.review", "pk": 73, "fields": {"pub_date": "2024-02-23T10:58:40.044Z", "author": 104, "title": 30, "text": "Это единственный риф, который я умею играть на своей супердорогой гитаре! Моя любимая песня", "score": 10}}, {"model": "reviews.review", "pk": 74, "fields": {"pub_date": "2024-02-23T10:58:40.182Z", "author": 100, "title": 31, "text": "Странно: Моцарт - австриец, а марш - турецкий. Не понимаю, как так вышло. Звучит красиво, но за географическую путаницу ставлю восемь", "score": 8}}, {"model": "reviews.review", "pk": 75, "fields": {"pub_date": "2024-02-23T10:58:40.319Z", "author": 102, "title": 32, "text": "Бах forever. Это вам не три аккорда на гитаре, как у смок он зе вотер", "score": 10}}, {"model": "reviews.review", "pk": 77, "fields": {"pub_date": "2024-02-26T10:19:03.444Z", "author": 105, "title": 18, "text": "Test1", "score": 10}}, {"model": "reviews.review", "pk": 78, "fields": {"pub_date": "2024-03-03T14:58:37.700Z", "author": 106, "title": 6, "text": "Бегали бегали, стреляли, в итоге почти все скопытились, а тупой и блондинчик в шоколаде", "score": 5}}, {"model": "reviews.comment", "pk": 1, "fields": {"pub_date": "2024-02-23T10:58:40.496Z", "review": 6, "author": 102, "text": "Ничего подобного, в фильме всё не так, и программирование тут вообще ни при чём!"}}, {"model": "reviews.comment", "pk": 2, "fields": {"pub_date": "2024-02-23T10:58:40.648Z", "review": 6, "author": 101, "text": "Ну надо же, не нашлось ничего лучшего, кроме как прокомментировать разговор про гамбургеры, будто в фильме ничего важнее этого нет"}}, {"model": "reviews.comment", "pk": 3, "fields": {"pub_date": "2024-02-23T10:58:40.773Z", "review": 6, "author": 103, "text": "Кстати, а что такое \"четверть фунта\"? В граммах это сколько?"}}, {"model": "reviews.comment", "pk": 7, "fields": {"pub_date": "2024-02-26T09:22:03.742Z", "review": 45, "author": 105, "text": "Test"}}, {"model": "reviews.comment", "pk": 9, "fields": {"pub_date": "2024-03-03T15:00:23.242Z", "review": 78, "author": 105, "text": "Шок"}}, {"model": "users.user", "pk": 100, "fields": {"password": "", "last_login": null, "is_superuser": false, "username": "bingobongo", "first_name": "", "last_name": "", "is_staff": false, "is_active": true, "date_joined": "2024-02-23T10:58:16.257Z", "email": "bingobongo@yamdb.fake", "bio": null, "role": "user", "confirmation_code": null, "groups": [], "user_permissions": []}}, {"model": "users.user", "pk": 101, "fields": {"password": "", "last_login": null, "is_superuser": false, "username": "capt_obvious", "first_name": "", "last_name": "", "is_staff": false, "is_active": true, "date_joined": "2024-02-23T10:58:16.369Z", "email": "capt_obvious@yamdb.fake", "bio": null, "role": "admin", "confirmation_code": null, "groups": [], "user_permissions": []}}, {"model": "users.user", "pk": 102, "fields": {"password": "", "last_login": null, "is_superuser": false, "username": "faust", "first_name": "", "last_name": "", "is_staff": false, "is_active": true, "date_joined": "2024-02-23T10:58:16.447Z", "email": "faust@yamdb.fake", "bio": null, "role": "user", "confirmation_code": null, "groups": [], "user_permissions": []}}, {"model": "users.user", "pk": 103, "fields": {"password": "", "last_login": null, "is_superuser": false, "username": "reviewer", "first_name": "", "last_name": "", "is_staff": false, "is_active": true, "date_joined": "2024-02-23T10:58:16.534Z", "email": "reviewer@yamdb.fake", "bio": null, "role": "user", "confirmation_code": null, "groups": [], "user_permissions": []}}, {"model": "users.user", "pk": 104, "fields": {"password": "", "last_login": null, "is_superuser": false, "username": "angry", "first_name": "", "last_name": "", "is_staff": false, "is_active": true, "date_joined": "2024-02-23T10:58:16.622Z", "email": "angry@yamdb.fake", "bio": null, "role": "moderator", "confirmation_code": null, "groups": [], "user_permissions": []}}, {"model": "users.user", "pk": 105, "fields": {"password": "pbkdf2_sha256$260000$7Yh8RW7FYVONWYBG5U2EbO$pAIJbZKs+VonlH5oUXe/tw8vkHmM6AmGcG7cKRI8WlQ=", "last_login": "2024-03-03T15:00:03.333Z", "is_superuser": true, "username": "potesuch", "first_name": "", "last_name": "", "is_staff": true, "is_active": true, "date_joined": "2024-02-23T11:01:01.681Z", "email": "e.m.vysotskii@gmail.com", "bio": null, "role": "user", "confirmation_code": "xZPiZVPwAVS0", "groups": [], "user_permissions": []}}, {"model": "users.user", "pk": 106, "fields": {"password": "pbkdf2_sha256$260000$tXHoq4Hyp1Efuf3zbR9W1O$ElLg8hffZEgyFxPT2JBAmP2e9/4WkjbMa6ra2tFQzGM=", "last_login": "2024-03-03T14:57:03.977Z", "is_superuser": false, "username": "аня", "first_name": "", "last_name": "", "is_staff": false, "is_active": true, "date_joined": "2024-03-03T14:56:36.643Z", "email": "samisusami@nihuyaca.ru", "bio": null, "role": "user", "confirmation_code": null, "groups": [], "user_permissions": []}}]